{"cameraMode":{"drawMode":0,"name":"Shaded","section":"Shading Mode"},"sceneLighting":true,"audioPlay":false,"sceneViewState":{"m_AlwaysRefresh":false,"showFog":true,"showSkybox":true,"showFlares":true,"showImageEffects":true,"showParticleSystems":true,"showVisualEffectGraphs":true,"m_FxEnabled":true},"in2DMode":false,"pivot":{"x":-14.936983108520508,"y":1.1107503175735474,"z":-46.22666931152344},"rotation":{"x":-0.048534754663705829,"y":0.9506719708442688,"z":-0.23567022383213044,"w":-0.19578421115875245},"size":5.107395172119141,"orthographic":true}