{"cameraMode":{"drawMode":0,"name":"Shaded","section":"Shading Mode"},"sceneLighting":false,"audioPlay":false,"sceneViewState":{"m_AlwaysRefresh":false,"showFog":true,"showSkybox":false,"showFlares":true,"showImageEffects":true,"showParticleSystems":true,"showVisualEffectGraphs":true,"m_FxEnabled":true},"in2DMode":false,"pivot":{"x":-14.050000190734864,"y":1.3226617574691773,"z":-0.6594293117523193},"rotation":{"x":0.15395841002464295,"y":-0.052518583834171298,"z":0.008246188051998616,"w":0.9866721630096436},"size":0.8554966449737549,"orthographic":true}